message,signature,duration
3202,7276,99230000
7205,6032,67404000
7419,2974,71190000
316,1019,68706000
2370,1134,94650000
7265,3321,82075000
2197,6188,78790000
6719,1864,73753000
7804,8539,80979000
7505,230,89978000
5428,591,63304000
3623,4676,67721000
1478,2318,73367000
4420,1582,70961000
9912,1967,65112000
9365,6981,75723000
719,7676,60194000
8931,2915,79368000
661,1622,72502000
1588,7699,68862000
4093,240,62689000
3880,6790,84721000
5403,253,73473000
5168,7972,79995000
2267,2267,85838000
8920,8739,85986000
7038,3613,78967000
3009,1618,67965000
2970,9644,63904000
7413,2485,83586000
2226,3291,80669000
8128,7144,93003000
951,2379,73653000
7818,3769,73745000
2918,2995,74381000
4762,3100,74378000
1886,4341,81211000
7169,6988,83402000
5764,8208,69439000
248,5359,65793000
4815,9859,48236000
8784,1188,68453000
6035,2160,85551000
3514,9678,71807000
4046,6544,67881000
8350,1637,78562000
359,2096,73786000
1015,1718,67999000
8901,592,74179000
255,9082,73444000
8659,7199,82046000
4842,1855,72169000
3556,2763,82707000
7707,7375,73707000
9409,5820,89009000
1805,8119,79718000
5517,4858,82107000
8439,8148,94604000
764,3888,82386000
5443,7113,60524000
8448,7465,79366000
6545,1086,88777000
21,3130,86384000
8595,3754,81212000
5406,4053,90794000
945,8487,80761000
5212,8224,53942000
11,7016,54965000
3778,9014,73355000
9680,5204,79283000
1883,9325,94136000
7098,6320,92816000
4807,7202,85580000
3167,5121,82552000
3075,8207,77270000
1217,7563,81427000
7629,4830,74220000
3369,5799,81590000
3816,1796,91679000
640,3575,94072000
4177,3971,82930000
709,5875,65425000
4546,6362,81643000
4456,3983,67132000
2171,5585,65076000
1488,3445,81743000
4492,1025,83596000
2851,9632,77990000
9816,8679,75659000
2827,1591,86512000
1348,993,70797000
9722,4537,91090000
4498,7408,77562000
2948,5267,92345000
5363,6066,76289000
7401,2851,78734000
2605,3162,79605000
19,1501,73602000
1130,4442,70676000
7642,9577,97793000
7636,79,78578000
9070,7397,84066000
3866,5587,72436000
1192,440,83839000
3976,5237,71395000
4419,1091,93674000
9398,5012,75038000
6181,1340,67631000
2124,5164,81956000
240,1862,82877000
1631,1816,72197000
4090,7550,55684000
1368,8707,64483000
9110,6123,73861000
3184,5805,83190000
5685,4530,82312000
4085,4203,76305000
2028,8637,66484000
7826,5822,85526000
5540,6725,103626000
4026,7688,80828000
7236,956,70130000
8251,9694,82553000
3572,2216,76133000
1959,4993,82213000
7811,8614,59462000
2547,146,76724000
5457,8294,73842000
9053,2048,69216000
4869,3150,77664000
4840,411,82949000
209,502,80369000
2005,6876,86596000
3924,4368,95487000
9102,5157,73579000
6793,3148,82918000
8371,6343,74407000
620,3036,87271000
6032,3519,85725000
6863,7512,80883000
3260,2008,74273000
4039,8210,75826000
1177,7800,71015000
9958,9941,99633000
6353,8705,77751000
9144,9721,64208000
5598,1597,66382000
3933,2325,100576000
2676,569,82469000
2045,5323,70313000
4361,8157,82262000
7606,8452,89398000
2178,9509,89374000
844,9371,93292000
9770,5220,89172000
6293,6119,94570000
1970,4129,69953000
3165,352,79017000
8469,4905,71481000
2814,874,105169000
7714,1533,65686000
3864,4187,80322000
9725,6257,81956000
8144,6993,63325000
1108,8790,78150000
5306,3260,82501000
3511,3053,80821000
4154,7939,77216000
6787,2769,71564000
8300,3425,77984000
9701,5724,72942000
4028,1145,80513000
2091,4971,86860000
933,1011,68649000
3553,4038,70880000
2161,9427,77802000
5533,4065,83731000
7300,4317,69473000
6311,8918,74412000
7713,2167,66774000
8970,7585,87138000
8946,1821,72409000
6005,7958,79355000
8662,6634,90208000
4382,7678,80190000
6703,5894,64359000
4764,5076,70930000
3077,4832,88703000
7959,7476,80955000
9423,5083,78177000
8937,7509,78956000
4086,9983,75465000
1366,3674,73791000
4315,4623,76362000
7343,1514,69549000
34,214,71772000
7709,8555,86951000
5395,9256,82012000
7920,3181,91488000
359,2096,75171000
2993,2968,72204000
7508,7095,65485000
5843,7459,86261000
1680,8049,85059000
3811,4223,83840000
2956,4093,79699000
8890,7740,61903000
9173,9148,84261000
3891,1584,75441000
5172,3781,70251000
9490,3993,73148000
5824,7266,81368000
3261,9353,82299000
1321,4697,75694000
544,8604,64082000
8857,7621,72463000
3264,8225,83030000
8909,2699,88321000
7805,554,73858000
3592,2566,59337000
3159,7305,67093000
9594,7861,82885000
7509,9228,76145000
3151,9473,72885000
4654,6239,88911000
6549,8472,58380000
3263,5203,87644000
5618,2631,81708000
5608,458,90604000
8086,7601,97161000
7578,9401,91119000
7793,4512,82966000
4036,5209,67141000
936,1920,89876000
9903,1063,92477000
9788,1944,71602000
5160,3441,87674000
5330,3679,102824000
4481,9455,84463000
9914,1780,84360000
7818,3769,78840000
3437,1037,82512000
947,204,91180000
726,8697,82839000
1210,795,61744000
2638,5866,77988000
4292,7717,73960000
7715,4490,88795000
3132,9170,85280000
8381,8453,85012000
2934,345,61294000
9566,7510,66018000
3704,2646,60101000
8910,9661,80421000
6501,4528,89600000
6303,5560,65824000
3313,4673,75033000
3638,1286,67833000
9341,2560,78836000
9086,8622,95647000
9040,7612,61939000
514,5664,70764000
1103,1782,78818000
5963,8846,84689000
4374,5331,91807000
9655,9922,65696000
850,1368,86297000
8776,4675,80024000
3150,1571,61821000
39,3797,65029000
9789,3019,83892000
3458,9195,72768000
2560,7692,80556000
3928,1624,60649000
2305,398,76497000
1075,1734,87383000
980,8513,69535000
323,2242,83205000
5707,8552,97617000
419,5139,54465000
8515,9674,67256000
9229,9254,73264000
1397,4961,83979000
7067,6072,76006000
7391,1889,70793000
2952,6469,97770000
5681,612,62800000
3146,1910,81992000
5487,9536,84851000
2197,6188,76844000
1171,3303,74735000
2658,208,104400000
990,5660,66558000
1550,3135,77253000
3857,9419,67743000
3866,5587,63507000
9394,4057,83155000
2360,2921,75998000
1377,5672,65503000
1556,4647,63073000
3777,6893,89283000
366,7782,58047000
2733,6514,98095000
1617,3578,80951000
9082,7045,77319000
6244,3722,70778000
3750,7419,77157000
3998,9726,78530000
3837,8269,62408000
5018,3859,89417000
4077,335,75896000
3268,1691,72718000
11,7016,61536000
6540,5686,83197000
1226,8404,66470000
2399,3471,74313000
9370,4545,69235000
7457,3209,81797000
4519,6583,78175000
4722,6598,88715000
946,6445,80366000
2699,761,71116000
853,6853,96636000
7870,8964,77926000
6550,6383,69022000
6423,3421,82238000
7182,5811,82642000
6441,8162,72405000
141,6599,59648000
6284,4533,92909000
1495,9131,74787000
9062,157,89624000
4854,9691,74519000
435,64,67991000
1106,3021,82184000
2102,3093,54712000
504,4314,71009000
3915,3915,59956000
8667,1475,78087000
3433,5364,81866000
1619,9936,93199000
981,7501,92659000
1435,4234,79191000
2223,3116,66093000
8473,893,59410000
6540,5686,77323000
7917,1981,89656000
1523,2193,75892000
8345,8289,60724000
1290,7604,55440000
4403,4297,79796000
9787,2933,83413000
2214,9394,93839000
6,8530,99675000
2574,2162,68683000
623,5298,81690000
7156,3417,90227000
244,7114,65210000
1682,729,54033000
7189,1196,61983000
403,3024,76079000
5282,5823,70615000
2849,7602,73274000
1610,1538,77772000
7571,3790,97956000
5888,5394,84426000
2364,6341,85798000
2505,7260,85953000
7274,4752,75959000
1280,7903,50501000
989,7709,77567000
4209,1775,79845000
3893,7994,62965000
1981,7529,90861000
402,6344,52999000
6769,2108,73010000
8674,1515,66448000
9390,8587,60387000
1829,2095,54084000
706,5838,73548000
9930,5565,98741000
9851,4098,99095000
56,1395,87672000
5937,7600,82403000
1144,5883,71052000
241,7436,71071000
5746,6004,70600000
882,4652,87074000
198,6878,81471000
3596,2818,89834000
3663,1562,69606000
7741,5968,75398000
1767,7204,77792000
369,8781,82505000
8706,9355,87151000
3844,1904,90405000
2588,1554,77350000
6766,4311,86279000
6569,4056,73322000
3766,2798,67525000
2336,7263,92661000
905,1369,77679000
8953,9350,80546000
5491,2590,85367000
8062,6240,65210000
9041,8279,63972000
2575,4944,76025000
9547,6268,69062000
6852,8016,74022000
5003,5178,73185000
2646,5547,71999000
7315,9422,75391000
4626,1788,76052000
864,1653,81651000
6052,9923,76496000
5718,2127,74519000
9686,7139,78283000
9535,3530,71547000
3716,7233,77918000
1795,2547,99608000
7760,3007,79639000
9781,792,63151000
7813,482,66669000
5928,1293,95064000
4821,5976,95243000
606,7523,84559000
9874,5689,66565000
2604,8810,59982000
9106,1754,80040000
2877,629,87337000
8012,2605,89320000
4677,2063,80856000
1378,810,99241000
6551,7400,104575000
7233,6141,76629000
570,8059,74470000
4004,5450,78286000
9056,4303,103006000
5292,7299,56666000
721,9476,75373000
6690,8298,93365000
8143,187,82365000
9044,9787,57591000
3170,1069,72692000
8199,4928,62454000
274,1731,78572000
9627,9657,79064000
2577,1388,90701000
2564,9670,61175000
4506,7181,76325000
552,7026,90689000
1123,9640,81188000
4765,7073,62067000
9765,1444,72304000
2784,1223,73007000
7366,685,70433000
2254,3094,72357000
6220,1447,73124000
5837,2052,90236000
6873,5296,81818000
9008,3549,65871000
9216,8052,75130000
3848,4451,72121000
7437,4160,79662000
2704,4664,70120000
4666,2499,108131000
481,1949,95296000
7534,2608,85172000
3532,7385,62262000
6177,8150,81740000
3770,9563,79015000
6642,8070,85567000
5901,2441,82529000
3569,257,82663000
3871,6309,81254000
8107,134,69877000
9495,162,80692000
1122,709,79950000
309,5459,83648000
6445,5796,64795000
5729,3001,80839000
472,8884,71415000
5120,4048,52863000
6324,531,76516000
7456,4228,94508000
2705,6661,98507000
9541,714,66136000
7861,7363,76234000
443,5074,87257000
467,5793,92688000
909,2946,69704000
4705,6233,67234000
2859,6421,60428000
2534,6782,54152000
2200,3009,71868000
1619,9936,91919000
1079,2902,66843000
13,8867,67952000
6719,1864,63083000
9201,7527,73147000
8605,8193,77536000
5349,3822,87444000
5462,7815,58028000
9098,9278,67870000
4712,1104,75152000
2302,464,85696000
7235,3673,75191000
987,8163,77849000
8699,4270,85890000
7435,368,74038000
8459,8764,71360000
130,1408,71623000
3046,3118,63981000
9474,7264,61345000
4902,8855,83100000
5663,6749,79784000
6754,5590,84092000
8385,4535,67701000
13,8867,67622000
361,5026,75648000
595,8382,73905000
4425,9547,79880000
785,9696,65111000
1773,794,89270000
8428,5109,85895000
6747,5747,70131000
8820,6688,100079000
2776,8092,64575000
1168,7848,86058000
5024,451,82299000
2152,5653,85552000
4225,1285,66826000
7033,9531,78823000
4494,302,70819000
1712,6091,75267000
1189,1601,100332000
6995,8277,85981000
9601,9343,56534000
2395,8578,74016000
3122,221,71233000
5166,9264,54943000
338,5205,67927000
4577,7399,96653000
2244,3532,100083000
8996,3831,63757000
4602,7057,73771000
5164,6877,77558000
730,272,74648000
3703,985,82907000
6841,8420,75604000
9854,8232,81625000
1245,2538,93940000
2343,4091,78166000
3691,5730,78802000
8474,1296,83222000
8883,1201,68001000
5948,5430,79040000
3308,1335,64576000
7069,5246,61417000
845,1791,75055000
8550,7314,88227000
287,4665,71894000
7167,5691,85702000
920,2586,80556000
6873,5296,81152000
1744,7015,90634000
2060,6489,86947000
82,2020,64371000
1462,8444,83103000
9229,9254,80356000
1877,2639,62790000
5637,8180,85136000
4711,6626,72570000
8491,5751,68336000
9681,4222,93938000
6460,2314,77317000
8036,8907,73053000
7574,1055,84922000
6695,1133,80553000
9026,6894,84931000
8082,2035,90654000
9323,7792,68591000
928,2164,77014000
849,1304,57210000
274,1731,73388000
8123,436,99731000
7255,8017,72253000
9234,8291,80740000
5192,6286,51926000
6238,7330,65770000
379,877,73794000
7458,7728,71857000
6743,4301,80417000
2840,6517,81649000
7124,2304,58984000
6558,4627,72267000
8797,5668,87203000
9012,8055,75068000
1232,9856,80156000
2043,7172,69910000
7821,7530,68039000
3907,8457,98766000
6527,5775,68957000
7733,7645,109853000
1768,8999,62404000
7959,7476,65704000
2838,3250,85517000
9657,8172,67907000
9700,7663,79361000
7435,368,72850000
9257,4626,75749000
9232,3701,64480000
3830,1810,75923000
7152,6575,67481000
5518,8989,90364000
9656,7078,75630000
3435,4378,85491000
4081,4855,73864000
7825,9592,62893000
9261,9719,93589000
8467,246,84258000
2734,7884,68143000
6225,7193,60905000
5979,2002,73963000
2960,1682,55619000
1040,9003,78797000
4846,9418,91421000
2904,6796,56025000
6150,8065,69481000
6718,4802,78263000
4134,2757,70561000
9444,7504,79608000
8804,3211,74759000
1106,3021,82218000
1762,6192,69722000
5362,8942,69508000
716,3354,59182000
1296,5176,62440000
2813,4753,78046000
4984,5876,74060000
1781,1102,86077000
7068,9078,79641000
5870,3913,59176000
1182,5168,67212000
3627,2648,83405000
6867,2876,69359000
6186,2350,63840000
8352,6864,86860000
5491,2590,76474000
8459,8764,66643000
1799,3683,70009000
1298,1220,68395000
4,7654,73180000
8009,8275,71442000
9059,7886,70665000
699,3429,70132000
7050,2621,62579000
2477,8079,95792000
7281,5135,79948000
3667,9460,95022000
489,6975,84969000
4471,1548,85464000
3928,1624,76264000
9180,2584,71106000
3790,5728,65671000
9663,4988,69344000
4187,566,65663000
2804,9025,75181000
1446,6212,62324000
9582,1429,66099000
7045,5784,79347000
6615,9746,90439000
5466,8847,71606000
4082,8233,84328000
6530,9698,68410000
6864,7188,73528000
5125,1374,82015000
8713,9782,78021000
4078,9885,56196000
6159,5213,67742000
4146,8681,78064000
3543,7741,67769000
4400,1490,65878000
5800,839,70036000
7480,323,54606000
3886,867,68313000
8910,9661,87415000
1966,4289,83528000
9201,7527,79684000
4267,5431,77086000
5545,3670,56874000
7434,5397,62727000
2619,3783,74989000
4630,367,62868000
9564,8619,95317000
7081,2134,84035000
1207,8803,79846000
3667,9460,93412000
7958,8721,57067000
7293,8757,74057000
5850,3256,86132000
1748,2588,91866000
2990,3283,64393000
794,6623,67279000
7365,3584,70390000
8233,4955,63298000
842,4367,68453000
1579,3510,86365000
2525,7998,90737000
1014,4950,84423000
5792,2276,63834000
7472,9841,85895000
839,7449,97729000
6543,5338,83957000
570,8059,76656000
5960,9191,74429000
1583,4848,79461000
7059,4969,96233000
617,617,87322000
1145,9266,89908000
8042,1362,84746000
4372,7668,68249000
3645,7215,69183000
811,7407,90557000
4446,6321,76789000
8845,609,70787000
338,5205,80188000
1818,4995,68391000
7981,9718,90641000
4050,1595,62686000
2224,3293,62432000
3712,8169,63936000
4112,4200,74336000
6380,5066,77439000
6889,7729,66404000
7144,9292,73327000
6085,2598,62215000
748,9648,98037000
2806,480,85799000
2875,8792,73998000
3936,9446,87127000
9224,675,72134000
5399,9553,90209000
5494,741,81840000
3906,7393,76306000
4028,1145,82410000
9633,9561,82735000
2188,2643,64352000
6874,2094,84624000
8749,5478,66021000
7497,3738,70512000
2861,5601,79568000
1570,7690,75588000
9175,9396,86953000
4582,5907,85748000
8652,4120,80933000
203,8047,72825000
7012,2186,79787000
8894,6541,63576000
4152,633,61464000
2100,1241,70828000
3443,5019,73981000
7299,539,55880000
1144,5883,68574000
9032,2457,65009000
3517,3638,68435000
277,9564,58151000
1014,4950,79925000
6836,213,72900000
681,2879,82352000
3236,9347,78919000
3154,8666,55858000
6778,105,62032000
1453,8664,72574000
4765,7073,56160000
8270,8003,72209000
6317,6394,73179000
3236,9347,76835000
1336,5163,79127000
1993,773,61015000
4096,9775,65273000
6027,4599,67168000
7519,5562,66802000
9005,7388,59709000
5483,7838,70908000
3898,5362,85990000
2832,8776,63265000
2528,2322,49047000
3240,4476,54432000
9676,431,68319000
672,8531,84496000
4355,2836,70251000
4215,7084,64724000
3608,2665,92079000
4090,7550,53227000
4380,2248,60598000
3368,5123,58773000
1403,9284,77353000
61,4426,68059000
9488,7927,72138000
7082,6112,76050000
8030,71,70102000
7287,5327,81519000
2485,7219,69099000
7144,9292,62035000
8630,2090,67808000
8,7748,76915000
2996,1714,63362000
7080,7759,57736000
6746,9600,70878000
5547,997,85694000
4463,1553,76101000
652,2892,65486000
6344,1954,74237000
9317,6021,95736000
1322,6657,82512000
2209,9625,79767000
3266,9301,63415000
4616,4061,62184000
7125,2719,89277000
9288,6736,75141000
4269,4269,85493000
8429,9335,74495000
3586,5194,71265000
344,7951,67064000
4574,6904,83076000
6367,353,64190000
6742,6330,75996000
4946,2521,122394000
7344,336,79009000
5178,6652,73985000
6312,2527,85520000
3585,8448,87213000
6185,7770,88929000
1770,8299,77944000
9529,7071,73573000
7097,7065,68708000
905,1369,78216000
4629,1049,74345000
6459,2606,94721000
2176,4335,79681000
9722,4537,78556000
8106,5947,77179000
4224,6593,88910000
2944,9914,76558000
9480,7448,63838000
4854,9691,66822000
4507,3949,90031000
5105,7433,69138000
646,1502,84491000
3210,9308,53452000
8629,9515,90219000
6898,8665,78265000
4526,3830,74054000
9896,9087,83181000
2735,8194,74515000
5834,9351,63968000
8863,4886,63967000
2784,1223,71912000
2606,542,75373000
5870,3913,57722000
1170,6202,64814000
8273,6745,80776000
3628,2536,69660000
9209,5050,71080000
6701,8427,74474000
2634,8165,80516000
2175,4425,70795000
4493,6400,88025000
1437,264,80685000
4802,1868,81764000
3725,9617,64347000
7964,462,90393000
3626,3645,90557000
1229,6294,61351000
594,6685,85222000
393,1074,67984000
5123,652,66365000
7062,3931,70203000
7450,9072,70544000
6020,5814,63369000
3629,5057,73591000
585,4894,66186000
6601,7379,99045000
5067,3191,80773000
8016,62,56203000
7985,3587,76470000
1521,196,69418000
7732,7611,69678000
6576,5980,83768000
5850,3256,79250000
2538,81,59142000
6958,8709,67077000
897,2091,79886000
8716,7430,71301000
2900,2157,80570000
663,5545,68236000
27,4189,83381000
8314,4992,82435000
7577,5270,67646000
2390,3748,70446000
7276,2038,89502000
2341,4987,90014000
9352,2535,75383000
8042,1362,86501000
2746,6263,70674000
2243,7558,73438000
1300,14,73769000
3102,2262,90949000
8911,6556,91263000
8615,8218,82499000
459,2210,77614000
3706,3041,73618000
1088,5167,67473000
5692,584,71523000
2428,3633,81140000
948,9722,70369000
6788,9537,92815000
620,3036,81680000
5196,6432,65410000
1509,4583,76140000
2925,8359,73803000
2929,6060,65910000
3326,3059,60660000
5769,310,66160000
208,6538,58874000
6314,1160,62671000
5860,8743,69931000
3597,1831,75350000
3399,4841,75309000
7250,9069,59757000
8988,6352,70500000
9818,9629,69727000
4933,4520,65248000
8739,6495,70563000
2206,7905,80404000
1515,3533,69703000
1464,7077,59942000
7229,8711,70955000
9718,1288,62138000
5896,5115,61252000
2732,6677,64840000
9062,157,77728000
3480,6313,72685000
8773,7251,76531000
9098,9278,59526000
5357,7932,49124000
3955,119,85157000
6970,1125,70736000
4925,6327,49588000
6469,4019,60458000
9183,8234,75365000
9400,7279,64900000
4489,3219,60128000
9694,3498,91408000
8551,2830,64828000
247,1355,49142000
6030,8811,60461000
7446,2338,80007000
4810,6874,70477000
1611,1523,75390000
468,7163,70735000
5930,234,61069000
1082,7292,61046000
7447,8267,55447000
7248,1243,72987000
7354,943,85638000
1506,4443,59301000
3221,2944,65093000
4610,9099,80571000
758,846,64423000
9120,3558,71056000
8683,130,65998000
7249,1531,69629000
1381,1445,76240000
5216,7394,67308000
9385,2468,71411000
7261,8982,65895000
8334,1273,67668000
212,4101,59399000
8055,864,55791000
649,5280,64148000
6193,2893,80265000
3092,7671,65206000
7919,4330,72498000
2817,670,75545000
1155,3884,60342000
5469,6943,54797000
5156,599,81015000
7126,3561,80334000
1639,3127,78303000
4134,2757,65555000
3731,1815,68361000
7368,6411,75776000
8440,9701,87039000
1937,5873,65281000
6763,6675,75811000
2889,7152,70951000
9184,9411,61323000
9287,3540,75338000
6530,9698,60230000
9332,7503,59973000
2097,8674,71604000
1364,2128,79738000
3278,8405,88549000
3432,153,69605000
313,9096,79164000
181,3743,106789000
6355,1003,62906000
5875,3328,71431000
57,5516,92951000
2145,9538,79859000
5119,9140,88888000
2859,6421,66446000
4572,2271,85811000
10,7252,70668000
7926,1500,77909000
1065,1874,78252000
3547,2455,73040000
4316,1915,101500000
8188,3214,74154000
6791,6500,63947000
1857,4210,80839000
4015,1290,78600000
5838,2937,72240000
1277,2797,82265000
9102,5157,76357000
2948,5267,92734000
8261,2409,61103000
3026,1016,70226000
5501,724,69186000
6719,1864,66140000
6160,2062,83162000
836,5764,93616000
6925,8662,60251000
1803,6777,67543000
5098,5068,81320000
9239,6359,95033000
5183,2007,70934000
3774,7085,59882000
5982,6100,73061000
4642,6169,64890000
5911,8348,67476000
4951,6684,54991000
5498,3591,60516000
5758,2945,61754000
7555,8601,66289000
8528,4183,71193000
3042,3527,55817000
3144,8840,78786000
6918,6012,54316000
2909,3879,69817000
2944,9914,69663000
1957,5253,54505000
4677,2063,73534000
5668,8021,76904000
4403,4297,75319000
8739,6495,71564000
7920,3181,77677000
8116,2123,55904000
8312,6153,62656000
4594,5855,70005000
5346,7889,86292000
1287,21,73315000
7069,5246,59534000
2129,8335,66229000
3639,8763,60906000
4098,442,56566000
1764,318,69403000
4655,8341,86956000
3772,5885,56869000
7796,5856,62124000
1188,2188,65836000
911,2066,77777000
4892,4141,72450000
1514,3269,83199000
916,9773,69444000
7970,3282,103792000
1264,6446,95119000
1021,2406,84199000
9818,9629,85549000
9198,9297,74933000
350,4239,77550000
2155,9144,90243000
2779,2114,80344000
2285,7784,59993000
9328,4446,76993000
6490,5048,93631000
9665,5009,75185000
8669,3334,66563000
2536,8769,98194000
775,1939,101604000
8352,6864,95929000
8032,4998,100686000
7342,1497,90244000
6678,5318,64587000
870,8492,86094000
1027,2897,70356000
9057,8766,67686000
4305,1608,71164000
7873,8326,84573000
5855,2169,72029000
1413,9730,71614000
9268,4071,75396000
3677,8831,77852000
8530,2722,67360000
7215,1899,84368000
1631,1816,76602000
2383,903,87894000
552,7026,95698000
807,580,77450000
2860,7921,72186000
2587,1541,83640000
1710,2971,61650000
5629,1596,81096000
9435,8945,74080000
8758,2768,58515000
1620,3648,70167000
7378,8336,80499000
4911,6851,84760000
5826,7948,68849000
7295,6242,94111000
6079,9010,88780000
9755,1679,99341000
1306,3658,83273000
8017,271,86812000
2009,1112,79048000
3439,3301,89651000
3214,40,83021000
6202,588,73409000
5702,9189,79211000
298,1945,81513000
4746,6203,86085000
3353,4589,73076000
9630,4965,65847000
841,862,62162000
2607,1560,61163000
4243,7517,79201000
1761,1278,81746000
7533,2860,67812000
1473,27,72901000
3641,9631,83702000
6842,7594,68094000
8256,7307,92356000
5633,6989,77471000
9102,5157,70235000
5999,274,84179000
384,6120,85969000
4636,7726,82824000
2241,5700,103299000
3861,5289,80795000
3227,8557,74135000
2990,3283,71154000
1871,6939,69915000
3545,2034,101298000
6937,1391,72290000
2022,6482,76384000
5881,8694,73679000
8084,6937,94703000
4222,9681,71812000
4673,6805,74736000
8427,9417,76100000
1609,4546,80168000
5205,3733,71605000
9650,9667,86172000
3946,1457,88156000
3477,5803,93245000
2494,6253,91929000
2995,4761,80290000
5680,4874,64092000
6653,6486,52042000
5300,5300,56679000
5055,5173,84559000
3648,4918,66498000
6445,5796,63400000
782,4941,77628000
3879,8632,94622000
1384,7296,73261000
1923,1537,78645000
9842,263,73911000
2729,8673,74612000
3216,7583,88927000
5044,1455,80091000
7369,5000,76096000
2413,590,81548000
3281,276,78618000
4376,6628,62432000
9732,1272,87734000
3215,6150,65220000
880,4176,76762000
9659,3335,77005000
915,6081,73106000
2975,4742,79389000
1004,9138,84141000
2075,6625,69648000
9606,1305,100916000
44,8830,78545000
8399,3867,80724000
4593,2057,82889000
7578,9401,87903000
4017,8549,80179000
4766,3047,76571000
6157,3026,88754000
8002,6474,74259000
4192,2548,84516000
2637,9048,77799000
4008,4363,89323000
126,2948,75135000
2026,9571,86638000
9264,122,72755000
812,7214,91570000
7544,5939,77857000
7260,7452,78910000
4505,5699,92555000
6332,18,99847000
6138,5353,74101000
1349,2720,73847000
1314,2713,87159000
6987,4700,81252000
6263,3813,80997000
4021,7860,84218000
4776,8041,62219000
1349,2720,75496000
5700,6509,71567000
1153,9474,81703000
8199,4928,64220000
1299,3909,77529000
6479,6756,81883000
6356,2503,73825000
631,3614,70346000
713,9041,81069000
2893,3671,81312000
9763,2502,74073000
5841,8271,65796000
1370,7752,88716000
7199,7301,82318000
127,5778,79969000
8745,2636,71162000
9618,8844,72277000
399,2360,85048000
9240,340,94874000
7085,4356,68606000
23,2124,75978000
8549,4017,60379000
491,3389,56383000
3942,6755,68495000
3621,1951,92239000
9541,714,68392000
5894,9128,70047000
9215,8730,78046000
3621,1951,93256000
3438,6475,71536000
2919,9599,65286000
134,2190,87091000
1019,8949,74792000
4940,5427,79854000
3459,5382,59597000
8799,9551,68189000
4177,3971,78444000
1681,4376,74412000
3058,6577,77843000
684,2141,76226000
2537,405,68810000
3261,9353,73655000
7985,3587,61721000
485,1164,65746000
465,6659,78682000
4263,9790,84648000
3432,153,62848000
4622,8128,72004000
4911,6851,72303000
3308,1335,58352000
5846,3125,77872000
2857,1167,70580000
6680,1512,74569000
6600,2804,55199000
153,8379,74632000
1734,4082,60088000
8782,7691,80257000
9000,9771,87930000
5898,9751,88216000
269,5454,67474000
1742,6217,80531000
3121,9812,64999000
925,2938,76887000
4871,5943,63997000
7436,9165,54323000
4741,5343,57477000
3792,9211,58069000
467,5793,88332000
3397,260,54132000
775,1939,104692000
4292,7717,68867000
7184,2031,70008000
1986,9428,82498000
4596,735,77804000
8962,3812,81254000
2309,2961,68071000
28,3253,72004000
93,5829,75574000
2729,8673,70650000
8395,288,87733000
8674,1515,69055000
1866,9884,66095000
1421,6964,75020000
2996,1714,58461000
1540,2530,58728000
4078,9885,60332000
9766,9314,67871000
9499,3875,64974000
8431,5735,57752000
6352,1228,67740000
9108,5843,75840000
2949,5349,88308000
4383,9533,73091000
9295,6969,83206000
5581,1192,71066000
9838,1612,68361000
7062,3931,67504000
5159,4392,82577000
3014,5631,82425000
4785,9420,90351000
7792,6025,106061000
401,4211,85884000
4478,6095,88799000
8997,4893,75558000
1652,238,87636000
6626,2480,85339000
1980,4184,92565000
2078,8693,88659000
737,3187,80943000
5176,132,94721000
1251,6522,68886000
1839,688,67665000
1362,476,62662000
9437,7327,73684000
1593,9760,80928000
5991,6218,80267000
5057,3338,77210000
6983,5625,70156000
4977,1801,80196000
6970,1125,81478000
500,7486,87029000
1433,4775,103705000
2834,7689,94292000
6309,2707,78249000
3114,4439,86338000
630,4631,64985000
7503,6907,100810000
3178,9031,79102000
1067,6305,93557000
1227,4054,92708000
2891,7714,92255000
4937,217,73318000
4222,9681,70891000
1642,9598,65332000
9527,1772,72803000
3087,6193,71134000
4022,457,78014000
13,8867,70754000
3189,3985,71468000
4054,2391,69753000
1206,649,83692000
1077,5506,75380000
6380,5066,74029000
4097,863,86759000
5611,7743,76895000
3042,3527,60897000
4680,2867,84463000
4339,9485,84331000
549,5673,72063000
9841,7472,69528000
5778,9827,74755000
7625,6373,69724000
9970,6861,77666000
3570,2864,67672000
7923,8732,65119000
5413,9945,81558000
7756,9709,78830000
5968,2697,79327000
4106,1466,60859000
10,7252,63035000
6805,3800,76491000
555,7936,73521000
8751,4294,84524000
2727,6919,98135000
3917,6167,89789000
2155,9144,93342000
1695,6227,79784000
3465,3377,75068000
8274,523,68851000
8412,6481,81855000
9171,7757,78111000
6739,2444,71705000
4125,5607,78804000
403,3024,77285000
3495,5573,85354000
260,6986,80266000
4904,2158,68972000
7861,7363,74741000
1781,1102,91217000
7886,5373,63188000
3556,2763,77282000
9917,7265,83845000
4501,2342,71461000
581,5334,88524000
8382,5445,81566000
5083,2730,77447000
7304,8380,89371000
3533,5589,90807000
4462,2522,76218000
8089,3424,85730000
9061,13,84727000
3895,4576,67944000
2293,1614,74355000
4630,367,68702000
5520,8443,70755000
3838,4395,77505000
1314,2713,83628000
315,9560,85616000
9509,9938,81264000
4167,2725,66190000
3655,6113,92794000
9060,4088,65533000
7247,2082,78138000
2258,2346,91995000
531,8749,93945000
193,6789,92233000
1509,4583,77872000
2972,3263,80898000
3949,8775,88800000
2821,8039,71340000
7932,5357,55257000
6690,8298,90276000
4209,1775,83845000
456,6461,74344000
6914,5159,77319000
2070,6840,91954000
7817,1636,100421000
5285,9182,88754000
1577,3929,60613000
7436,9165,56044000
7019,6728,74336000
569,6265,62671000
3829,6324,67140000
4896,9913,77249000
8419,2197,75882000
5835,6128,84056000
5393,9395,78136000
6560,4620,66851000
4983,7505,78517000
2098,934,84339000
8219,8612,71808000
9539,9265,74937000
4845,4358,67737000
6606,8319,72294000
1954,7120,64623000
5250,4648,55994000
4364,3200,91299000
1032,8598,79154000
3137,5094,76734000
5294,5372,62434000
5910,5136,87751000
565,4156,82347000
3985,5032,82044000
1427,1306,88679000
8094,2498,75567000
3545,2034,73076000
8869,9282,58918000
5942,4414,67936000
6048,6228,82614000
766,4000,78050000
9392,2119,78413000
4094,6048,86813000
505,4593,67972000
5911,8348,71301000
4063,8698,89436000
9464,7111,88993000
3517,3638,78282000
7125,2719,91331000
8285,498,71788000
1380,2694,97830000
9793,3113,66041000
4327,9477,86140000
8068,8454,81267000
6941,8657,63183000
7205,6032,73354000
912,2439,89799000
1535,5417,57750000
475,3806,93424000
5852,4473,76199000
3316,2161,86691000
9619,4640,103660000
8347,1268,63893000
1704,2940,78143000
9827,4226,77723000
405,3410,59831000
1199,5952,61136000
6838,9481,69400000
9675,8972,74736000
8007,1064,72524000
6009,4552,62226000
4452,7686,87767000
838,8113,102818000
4388,87,90331000
2274,7542,59180000
816,595,59463000
3169,1638,76174000
5638,9304,71599000
9474,7264,68887000
1574,7059,61388000
6466,6837,73943000
4106,1466,65090000
2796,9200,88987000
8908,3023,70375000
511,2543,99998000
5446,815,92586000
5983,5628,89080000
1186,6865,88319000
1845,2200,72011000
3003,5247,55420000
6515,4252,78811000
149,9728,79389000
6663,5959,80788000
1618,7859,61283000
1096,1008,81183000
1029,6179,67003000
9546,6027,79233000
642,8868,66964000
1272,3039,100563000
2832,8776,67871000
4481,9455,82199000
5316,7617,78534000
7792,6025,100696000
5980,1629,73985000
5517,4858,79111000
3563,9679,78424000
8070,9940,84135000
3409,4986,58087000
7171,1353,76872000
6166,127,85688000
1591,2827,72561000
995,6160,71840000
5454,2015,104789000
3193,206,75423000
4131,1248,75526000
536,7353,83793000
4512,8860,57983000
7695,3018,77691000
8584,4243,74875000
8506,3631,88957000
1586,3415,87457000
5263,8488,98522000
6718,4802,82245000
7740,548,93429000
5922,3111,79838000
6111,3201,86156000
2890,4719,85707000
9023,4722,83074000
2861,5601,79803000
452,726,69534000
8185,6361,64439000
4952,6409,69256000
5952,1781,80227000
751,9651,83997000
7609,4729,68440000
771,963,75247000
8072,8659,67480000
9763,2502,74112000
3210,9308,54948000
330,2924,69375000
3137,5094,82018000
311,4787,73850000
6449,6175,79653000
6147,8087,88768000
3381,6654,73311000
131,6034,72894000
5613,639,80051000
5246,7942,84346000
1588,7699,68331000
8890,7740,65348000
2567,8217,70417000
7192,7993,96982000
5065,4779,96321000
6592,5150,72775000
130,1408,74750000
7221,9385,72458000
6640,3786,87371000
1045,8170,70230000
8653,5563,95671000
3712,8169,73224000
2369,1030,76407000
1888,9381,67840000
3490,5463,83146000
6978,2237,60784000
3488,4762,87623000
9095,8061,73292000
1661,8043,81814000
9710,6961,76915000
7390,7593,79932000
9775,4387,99421000
8551,2830,73560000
3220,8000,82061000
950,1712,70905000
7318,3856,78653000
9015,394,78826000
3934,7105,87348000
4272,4550,76812000
7604,4491,80590000
8118,3340,77184000
8988,6352,79468000
8698,4063,84945000
9636,1602,96485000
4851,7664,84715000
2933,6198,69869000
2154,4981,84547000
9618,8844,71169000
7157,2302,87015000
6606,8319,72521000
9662,1135,77692000
8027,7221,79699000
6340,6340,76793000
3724,2260,86064000
7047,77,77563000
885,8237,71922000
7198,519,78787000
9452,3080,74463000
8025,5702,77770000
921,2594,59990000
7778,6041,92568000
9969,3223,80323000
9920,118,63229000
4834,1762,65245000
3079,1018,77425000
3147,3662,84578000
7695,3018,77957000
3149,2397,76358000
9312,4947,85801000
63,4733,68755000
5526,6746,85325000
9412,4312,77845000
3678,1370,87064000
755,6085,78914000
8421,2301,60231000
1259,4493,94558000
9411,2685,76290000
5708,5124,71307000
3250,2838,75729000
8350,1637,79930000
8841,2949,70620000
5166,9264,62162000
3929,3226,65142000
379,877,73962000
7312,5973,79685000
2092,5268,79021000
7619,6399,60176000
7594,5193,73212000
114,5059,101772000
3682,7284,60981000
3959,6472,77482000
4242,2016,61772000
1395,56,61366000
7198,519,75274000
6777,9951,60593000
2257,6423,73665000
7506,2772,80071000
3542,3816,70859000
4997,6144,75429000
5107,5897,84393000
4836,58,66549000
5152,8083,67336000
7169,6988,86930000
6860,3280,76952000
6324,531,78850000
4720,4800,78107000
2792,2690,73460000
5455,3676,78763000
7764,1737,69743000
1295,3221,74442000
1402,6793,89797000
2060,6489,84968000
9218,2081,67259000
9800,1887,83536000
7627,3650,62047000
4480,124,94481000
3591,745,82279000
3072,474,71230000
3886,867,67678000
1022,5848,74331000
7762,7438,105951000
1030,2369,81158000
9164,116,80710000
9457,3855,62941000
6886,7177,50604000
2881,4133,59476000
9053,2048,69591000
2182,8608,77677000
5681,612,66873000
6079,9010,81206000
4022,457,77668000
4429,2472,74327000
1998,9492,69528000
9400,7279,72547000
3668,6278,58448000
4832,5599,78826000
4134,2757,72780000
9027,3583,66725000
1639,3127,80852000
2805,6705,75793000
5910,5136,95611000
5890,7063,92368000
279,7962,88757000
9447,1387,85630000
8262,5738,79932000
4699,2692,75306000
60,5279,72328000
5376,7723,82075000
9700,7663,88111000
650,7431,80287000
4727,4829,67414000
8741,6822,50897000
9420,4785,84620000
7713,2167,62844000
1262,6209,97055000
9482,7706,67936000
5723,8051,64463000
6483,4963,70234000
3522,5972,89405000
9410,4657,69293000
5074,3159,72601000
4649,8628,81052000
4177,3971,72750000
2599,2585,74888000
828,6624,73230000
2090,3780,55986000
2298,5474,71901000
1104,6846,60389000
5062,9921,61574000
7835,5551,54175000
3441,3608,76174000
4722,6598,79960000
7773,2756,72473000
4270,8699,77689000
8416,4666,59946000
4566,4952,67728000
8372,55,67097000
2833,9249,81597000
4368,2372,76977000
2784,1223,72569000
1775,3821,77777000
5184,2789,56312000
3532,7385,55153000
2444,5090,72769000
926,3295,88645000
3908,5581,65255000
2185,1824,57593000
4275,7086,72636000
5908,9704,70944000
874,7761,79629000
1880,5488,80110000
3583,9609,76808000
1869,9818,77445000
4406,5395,58758000
3523,9310,65370000
1254,5912,74035000
1414,9931,84763000
6453,5510,74449000
2363,3624,70429000
662,8521,69436000
1048,3543,80350000
6913,8751,69482000
7450,9072,61233000
2435,1626,59386000
9260,6859,77800000
2641,9969,79369000
759,6290,60984000
4848,710,72275000
5295,6389,59787000
2129,8335,68138000
4240,8484,63595000
4640,7873,66328000
3755,3343,78336000
622,1371,65780000
2181,2101,66762000
9012,8055,70764000
6566,2855,81786000
6037,8235,84771000
9161,946,89779000
2054,6611,63424000
1150,7042,80275000
2414,4721,92057000
2926,1342,61686000
4394,4306,65665000
5665,6901,73273000
161,532,60694000
9893,5916,82779000
3446,8905,65235000
7451,7539,80275000
5561,205,79816000
3351,6205,75256000
7869,9595,62698000
4055,7423,68382000
9297,1923,86343000
1542,3515,85674000
8548,1544,92869000
401,4211,81075000
2529,5825,63638000
3380,662,79955000
9263,9384,73421000
9372,720,85093000
4944,2575,86814000
4757,2222,80523000
1559,2139,89466000
2604,8810,61416000
7038,3613,67772000
247,1355,55635000
2147,3920,91596000
5739,5610,73453000
7158,742,59352000
9246,6788,52321000
7768,6875,71983000
4088,912,99112000
636,8075,79762000
7414,8603,69173000
5045,7470,74203000
2902,7869,78925000
5747,4904,65836000
2822,3003,76598000
8202,8851,69588000
9436,2055,89578000
5835,6128,81894000
4142,3163,59705000
4677,2063,69796000
8112,7142,78126000
2027,9529,73112000
6804,4307,62961000
520,6534,75833000
2502,4913,79781000
7316,9566,69034000
9158,9616,74631000
325,7101,78456000
5822,1424,72196000
4364,3200,90501000
4954,1072,68823000
792,1633,73020000
2692,9452,67396000
3439,3301,88984000
8160,8819,75133000
4199,7715,90660000
6463,1516,92750000
2472,4429,96232000
4476,3240,56967000
5093,4681,86405000
7934,4622,69097000
4153,7054,64276000
7252,8449,69681000
5521,3795,84460000
5245,3788,65737000
2432,3497,69508000
1074,5534,67487000
1792,5063,55679000
6967,8424,54559000
6731,7983,77880000
7976,8223,81970000
971,2135,76614000
8160,8819,74996000
6024,7349,64512000
5915,2650,79463000
7568,842,70940000
7609,4729,64937000
1486,7079,74237000
4301,5288,68179000
7317,2298,93660000
7792,6025,99110000
6170,8507,56827000
3703,985,77779000
7442,7548,85093000
6005,7958,73868000
8461,754,80609000
8765,1587,74660000
6268,7898,87430000
2984,4957,65441000
7450,9072,69226000
6847,1151,58008000
9210,8626,64040000
4840,411,77985000
2460,8862,66535000
6612,3088,86271000
9598,8917,77107000
4758,5148,81816000
5307,6059,93156000
6765,8293,100226000
4630,367,63815000
3384,8310,57573000
7662,9893,72755000
6082,6946,77344000
2985,2835,79095000
1859,663,87549000
1335,689,80642000
8422,8230,71871000
9545,3700,68014000
2469,6502,61934000
6325,8861,56339000
3655,6113,79052000
5641,5449,69665000
5673,2392,49993000
2029,5638,66435000
7675,3775,72976000
408,1101,62366000
7686,9593,72648000
6724,4072,75261000
8098,7533,67925000
2572,7017,65780000
2853,3990,66887000
9445,6050,56624000
4409,8345,66877000
9253,9438,71318000
4813,3339,72548000
8846,725,62374000
5246,7942,72450000
4539,7920,80629000
7129,1721,88407000
413,825,63852000
4273,7864,63104000
8012,2605,81830000
5637,8180,79680000
6983,5625,68783000
7921,3151,65967000
4734,3058,48889000
4095,4876,69060000
778,5207,86930000
7631,7070,71999000
5096,3520,82405000
1363,4954,65630000
5136,1157,68496000
5491,2590,73348000
8158,3954,68999000
6119,4741,76753000
832,6924,62727000
4834,1762,56870000
1809,1047,72730000
4865,8456,74608000
2649,8494,73649000
2903,5621,75477000
2832,8776,70486000
1837,7378,92358000
5128,5489,63828000
1940,7275,77605000
1403,9284,75687000
4624,8331,76657000
4668,5715,78817000
8538,1327,85909000
5932,7001,78452000
2876,5024,56750000
934,1225,94371000
60,5279,74484000
1594,9185,84237000
5441,8920,55514000
344,7951,66267000
8226,5483,83486000
7171,1353,69328000
3906,7393,71309000
8227,9673,65732000
401,4211,75747000
5271,5191,86427000
9667,8001,58115000
5817,2284,93107000
4108,3609,70411000
1086,6545,98692000
4894,5629,79887000
5571,8409,71357000
7056,6159,87644000
2569,5787,64934000
2337,1839,70459000
3152,4825,79718000
9350,6528,70446000
7585,7806,74107000
7287,5327,82443000
3830,1810,63556000
5296,180,91485000
5740,6223,73993000
2031,9318,77941000
8009,8275,73877000
7322,3362,55591000
3428,8295,64701000
2363,3624,51138000
7011,2152,77341000
4900,1779,73205000
3118,4695,68373000
348,8329,83628000
3954,1756,71293000
9984,6397,68366000
3608,2665,90759000
3579,4194,73109000
6896,2324,75186000
1602,9636,80523000
6443,5104,71353000
9349,1123,64642000
5725,4043,74837000
2057,5369,62267000
8675,5111,72606000
1459,7557,68932000
7008,3740,52351000
6450,4340,59885000
2141,1266,91138000
8281,7020,80275000
1229,6294,62947000
4253,6870,76064000
9336,4613,70797000
518,6064,71277000
7399,7584,62455000
1870,406,66480000
4020,8124,74584000
3984,9220,80254000
2906,5635,66710000
2926,1342,61558000
7698,8377,80465000
7457,3209,77120000
7250,9069,66721000
9588,6967,71438000
8733,6931,66604000
8933,7562,55495000
2628,7174,61134000
3088,2732,78946000
7023,4282,100353000
7515,5839,97009000
7175,9559,56500000
1631,1816,63937000
8147,969,66029000
633,5801,54919000
6244,3722,60979000
75,4678,82948000
92,1739,88940000
8956,7577,70229000
6149,7595,77850000
217,6295,91052000
2379,660,71510000
2531,2809,79826000
1989,3517,66295000
1720,76,75472000
3831,7929,62780000
2925,8359,64773000
6024,7349,61771000
6759,9799,80682000
5047,7416,84158000
9007,252,96033000
3795,3096,69881000
4424,3560,62749000
3041,7295,75694000
3662,3147,67172000
9450,3164,96270000
5858,7304,87930000
4407,8991,92246000
9214,9214,60313000
7566,7566,86050000
5553,1994,64825000
2912,163,79066000
9093,1600,67338000
3683,344,76297000
4572,2271,81526000
1262,6209,99967000
4712,1104,77287000
1331,1728,93365000
5674,169,97910000
4681,5093,83020000
5325,7492,75706000
7755,381,69178000
2711,4067,86214000
2937,891,71078000
2481,7894,89615000
7175,9559,56172000
4483,7398,71406000
9489,9588,75930000
4524,9762,85732000
6006,4959,58360000
645,6867,74468000
6123,9110,98623000
1754,8330,66818000
4076,7341,86085000
6302,9947,77708000
6372,333,82447000
159,159,53172000
2113,3466,70879000
3502,7931,78925000
7053,5477,73471000
7143,3554,87901000
9211,8933,81166000
1088,5167,62024000
2523,3008,77256000
7457,3209,71863000
3355,7650,77132000
8629,9515,79359000
7502,4803,66662000
5301,1726,77430000
8953,9350,68058000
8063,3969,74278000
994,5098,59532000
2685,8538,61589000
4379,6247,69247000
9359,4041,68617000
1925,3281,78380000
575,1159,76548000
1565,719,82652000
263,9842,69627000
4668,5715,72504000
6171,3436,91950000
3610,1384,86175000
8316,755,83853000
5447,8553,63190000
7297,6186,59846000
1457,5595,81507000
4339,9485,81194000
8059,2025,78735000
7052,1417,61568000
8811,6030,72877000
1888,9381,67098000
2232,5142,59616000
7758,1389,66722000
4283,4867,60342000
1934,4468,84248000
4871,5943,69262000
6325,8861,61514000
2657,6140,59899000
6966,2980,73815000
4888,9729,82628000
7182,5811,85411000
8217,142,80255000
1270,9793,67032000
8337,2903,77090000
4354,1811,68677000
2706,1090,75263000
8494,9245,72944000
7648,5900,94461000
4229,1732,76578000
8143,187,82229000
1593,9760,79920000
553,4230,73502000
7564,807,61862000
7300,4317,58713000
9537,8340,63810000
8657,5195,80828000
868,5328,72502000
1252,3496,75081000
6868,3349,80519000
8790,5376,78065000
7467,3523,64402000
9142,8687,93733000
5900,5514,78569000
8175,1861,80238000
3095,7667,66875000
2607,1560,65943000
3638,1286,78726000
6997,2174,63072000
1620,3648,87768000
6261,4459,78277000
8550,7314,88972000
2168,1281,72831000
1873,6651,68906000
269,5454,72194000
2947,9368,78720000
2318,7395,89466000
7932,5357,54040000
5659,8877,62395000
7169,6988,74441000
954,7485,61757000
5883,6382,73336000
1811,1056,77886000
8286,6947,55982000
755,6085,68851000
5348,6054,76009000
2780,823,63545000
4602,7057,73617000
401,4211,73098000
4580,5846,67350000
6477,313,61826000
6487,5925,75392000
5325,7492,80256000
757,1700,61032000
6463,1516,88621000
1596,9703,71802000
778,5207,90853000
5658,11,70150000
9386,8352,85461000
9811,3531,81168000
550,1153,73938000
4454,2437,55894000
9564,8619,97907000
5015,7916,107004000
8796,3106,60556000
8635,8408,69368000
6434,593,83783000
1005,35,52785000
6022,8524,72221000
4144,6190,68012000
1720,76,70764000
9359,4041,66796000
5363,6066,73699000
6202,588,66492000
4797,1264,76954000
1716,7705,66111000
9943,25,97555000
1338,4428,79588000
5906,5788,66373000
1567,2442,72820000
8458,7515,62438000
4778,7421,68699000
4417,416,67793000
4318,7599,93820000
5494,741,74668000
6509,4633,72780000
9042,6622,73447000
7767,6698,79741000
5571,8409,76407000
9895,195,85682000
6108,7134,65920000
2080,6281,87070000
3610,1384,90866000
7579,6927,84659000
2427,9184,91063000
839,7449,92666000
1722,8288,80244000
1771,5869,72374000
9757,2412,61763000
1870,406,61376000
2298,5474,73059000
4645,2102,72703000
9260,6859,66184000
8352,6864,84939000
7245,3728,90741000
4564,3208,51914000
9542,4304,72793000
1212,4728,75926000
2605,3162,73455000
1216,7109,64642000
4994,3847,82828000
3529,1511,53950000
4388,87,83090000
7337,4233,70643000
5867,1616,69097000
8635,8408,74037000
2867,7687,73772000
7057,9646,69781000
5639,6151,75160000
6602,9209,70846000
1308,9861,79416000
8692,6082,84308000
2545,7653,76517000
4717,3359,67893000
1281,5854,65460000
8897,6578,87759000
4745,2049,60919000
2401,3826,66226000
2851,9632,67220000
3391,7187,83445000
8507,7722,71183000
5218,3070,64127000
2626,6407,74465000
3432,153,61924000
9333,8853,101474000
9689,4624,80605000
2752,9833,87041000
5057,3338,80488000
7582,8132,66775000
4809,4208,70573000
2543,2354,73141000
4190,1598,73191000
5794,2501,58317000
3549,9008,100967000
1779,6549,71455000
6589,9695,73183000
5500,9080,69815000
5851,6594,75818000
9484,1671,75608000
1210,795,75361000
8474,1296,94951000
7016,5249,80544000
3595,576,68269000
7359,1900,70827000
1665,9102,76903000
6340,6340,81254000
1516,8597,95582000
5630,1834,80518000
9665,5009,73676000
1786,1565,79401000
4227,1783,72919000
2499,7382,86424000
4772,7321,60457000
958,1366,57081000
8957,4706,64825000
9939,845,87459000
3884,6005,81386000
2319,3981,74159000
5509,5495,72798000
2483,2896,103753000
2462,8301,82700000
4957,2790,85438000
4373,7360,87154000
4675,2374,74706000
1413,9730,66452000
6431,9253,68518000
1678,6149,62400000
7256,1797,67738000
7826,5822,79022000
4418,5138,87022000
679,5044,76754000
8930,5329,83137000
8681,2012,83215000
7179,3784,86039000
9245,7039,91126000
6798,9785,84376000
8480,4231,59955000
5746,6004,69457000
9909,7971,67854000
5086,6372,74404000
6272,2666,57652000
367,944,79584000
9955,3553,68758000
7955,4851,88552000
2219,9223,79600000
9555,2256,80470000
2969,165,78906000
8990,7471,77823000
1521,196,76010000
6220,1447,70629000
795,3344,82312000
2471,7003,78404000
1988,5795,76740000
5879,5791,71288000
5199,2799,86354000
7603,250,88679000
2390,3748,61928000
755,6085,68843000
4935,7865,66857000
7036,8564,67243000
5726,2469,80970000
9182,6934,71454000
9356,2331,76295000
2245,9642,74595000
5615,3363,69071000
6648,6236,89089000
3207,285,56518000
9301,7340,52344000
1499,9121,79373000
1189,1601,80271000
9073,2744,86589000
8400,7164,92446000
8058,8250,69480000
3526,3512,69412000
7313,2163,65474000
6460,2314,72313000
5548,3732,86193000
7371,9699,90595000
6146,9056,82464000
5046,9475,101632000
7194,6289,62678000
650,7431,78113000
7624,3963,95230000
5702,9189,83763000
7934,4622,70945000
5746,6004,71988000
2308,1033,87185000
6928,4910,80727000
7885,8297,80596000
39,3797,69266000
9214,9214,64728000
8697,4412,77921000
946,6445,70646000
8659,7199,78596000
9334,9387,91030000
2768,8952,75112000
7009,3444,87311000
9692,9518,87717000
4419,1091,98916000
6518,4896,76562000
1223,2978,92982000
9379,9354,77090000
4649,8628,93897000
9977,3938,79749000
409,8562,94130000
6568,9260,81934000
1955,1084,82709000
4476,3240,62646000
4113,5058,74879000
9108,5843,74231000
9962,1902,88769000
9049,9752,92167000
7979,7906,80612000
3401,770,54265000
2734,7884,66271000
7548,5308,85618000
1901,665,64088000
5706,1149,61609000
1246,7355,81450000
3510,3422,87497000
9584,148,81974000
9820,9496,79262000
3941,3262,78616000
4089,7389,67609000
7651,7574,77211000
6535,6535,57530000
8776,4675,83666000
8408,5143,66482000
2973,2599,81026000
8665,6704,96809000
8693,8771,75542000
9018,6649,95433000
7017,2378,70992000
1550,3135,93138000
2516,3886,81644000
427,1372,80389000
8373,2132,73708000
5717,5438,80902000
4913,8419,89702000
8684,6092,94674000
2164,928,85387000
4111,8689,97846000
4130,8282,91050000
819,5311,79125000
2968,5709,82298000
9767,3049,61622000
7385,9449,74994000
9350,6528,77315000
9376,1017,76273000
6428,312,65474000
7569,6834,76007000
7914,8717,76292000
42,4432,76581000
7768,6875,77690000
1674,7033,88522000
5889,3440,76641000
4383,9533,80356000
72,6256,64970000
8944,1198,52995000
3315,2634,67485000
5753,4808,66464000
6701,8427,79136000
2167,341,85668000
5464,6122,76942000
8651,3810,86705000
9563,1345,77386000
1710,2971,52820000
3281,276,68654000
1170,6202,65605000
2931,4682,69348000
3162,8522,77995000
4526,3830,69163000
3822,6707,72181000
4124,8375,76700000
8390,8802,81235000
1319,6388,76079000
3903,6683,84550000
7739,3272,90582000
8931,2915,74420000
507,8320,71125000
4383,9533,69871000
175,1312,83046000
148,3279,63475000
3040,8101,63979000
6959,8875,89352000
2910,7857,73278000
4460,3426,78580000
6659,7158,64006000
9884,9238,66363000
7700,5391,57443000
579,5679,64160000
533,8899,66088000
7767,6698,76948000
8635,8408,69981000
8910,9661,84518000
167,2795,76390000
8706,9355,83701000
791,9426,77772000
5967,3719,70609000
9164,116,82169000
7301,1961,75880000
1587,7213,68383000
9178,2175,90045000
9168,7211,86543000
511,2543,90261000
6999,7680,63541000
5418,7915,84641000
7253,798,54899000
6671,7200,102463000
4557,1098,92684000
8185,6361,62024000
7671,9494,73608000
9113,1254,56548000
2989,5405,75546000
3720,408,67944000
3453,3381,69390000
6739,2444,75438000
4846,9418,100511000
3616,115,78250000
3208,6213,63957000
7934,4622,67806000
5200,7246,60136000
7395,475,73358000
1384,7296,76289000
2942,9905,85995000
2588,1554,79736000
2658,208,111229000
7273,613,77459000
804,7521,80919000
6440,2454,83105000
8496,860,84096000
5905,8,71406000
1816,8130,66749000
6836,213,79833000
9434,4220,64121000
446,6291,87167000
9971,9375,77905000
100,8871,75400000
2690,8030,88811000
3321,8720,80654000
8754,9269,91003000
5382,2295,72762000
7978,8493,90385000
2715,7953,68615000
5855,2169,64052000
6656,5473,70880000
4473,1002,76192000
9129,5658,64010000
3498,7075,66310000
8031,7532,71898000
5819,6304,89772000
711,2533,83901000
5863,1625,81004000
707,3835,83606000
8736,2516,99384000
8534,4396,77235000
5335,3977,80496000
7854,441,72070000
1783,2384,70541000
9185,8384,67828000
3930,5659,87216000
8042,1362,87518000
6786,1755,68612000
2270,9714,81623000
2213,3950,72294000
1684,8086,84807000
9820,9496,78003000
4144,6190,69759000
3561,1985,91516000
9104,2580,89093000
2297,1263,90963000
4328,3242,79839000
8157,3294,67883000
8197,1674,61577000
8705,1406,55266000
4577,7399,107318000
5052,4062,81001000
2038,7858,84501000
5583,6426,66600000
5208,8772,77126000
3515,1348,78616000
5285,9182,90075000
8198,615,91309000
3131,6711,86605000
4203,5152,72787000
2606,542,79109000
2186,9437,72558000
8254,6980,67223000
9848,3085,70109000
5347,4260,60705000
6676,7357,82154000
2253,1433,78825000
2691,5674,95712000
6989,3984,79407000
6531,6801,58217000
3734,9093,58528000
665,1901,68319000
8192,6308,87776000
2394,8926,90609000
7251,5475,74909000
4858,2510,78441000
6990,9500,67537000
7101,5272,83985000
8079,6163,68937000
5905,8,67868000
8830,8386,63068000
4818,2511,79454000
6403,1068,77482000
8057,5523,79608000
1776,1510,75684000
3955,119,101759000
5160,3441,83753000
8951,988,80072000
5595,9217,70731000
7103,3470,62922000
2531,2809,79793000
2768,8952,78334000
1965,7130,85634000
3097,92,70713000
335,2913,81260000
1169,4275,67872000
1739,4845,78425000
3605,6386,78135000
6163,1095,82672000
6990,9500,72093000
9983,2243,95699000
7925,4036,73452000
4504,455,67861000
4999,5072,83232000
4165,2043,82561000
7,3594,89214000
6710,9715,68860000
5214,2177,78612000
7904,549,72361000
7943,6176,94240000
8633,2619,67857000
9640,2675,68747000
3214,40,76003000
5015,7916,102897000
671,788,70194000
7255,8017,74904000
7883,6617,50091000
2106,1694,75180000
711,2533,76654000
965,3097,68587000
3096,8839,66012000
622,1371,62677000
7427,321,56523000
926,3295,92726000
4136,7822,65927000
3389,782,68834000
4041,8971,79028000
2932,5022,66225000
2756,6318,59673000
3079,1018,67464000
7814,24,89273000
1813,4310,71674000
3095,7667,60642000
7262,1318,65902000
8353,6531,72843000
3683,344,83398000
5286,3758,69260000
3183,5211,94699000
6931,3883,80589000
7686,9593,82361000
2508,155,79158000
1645,6605,91314000
5017,855,73391000
8948,6068,66177000
2996,1714,68005000
2904,6796,51064000
7772,768,84164000
3411,9781,78670000
3573,8843,61799000
2165,4169,85899000
1778,5734,55802000
4725,918,70399000
9956,4718,73075000
4618,5112,93235000
9229,9254,72458000
2692,9452,67068000
1034,5285,71623000
4628,3925,70401000
1493,6819,60590000
5113,9454,67038000
9891,1120,67442000
5713,799,66720000
2701,3669,63090000
6770,7047,85683000
51,5995,76183000
6910,5422,79505000
9796,1454,69721000
9391,2204,64974000
6384,3659,80827000
1021,2406,75657000
9377,959,70010000
3901,2257,71598000
8610,8546,69696000
4754,8440,83709000
3027,2168,91276000
3731,1815,74025000
8403,2292,108069000
136,9423,65661000
6190,3853,93976000
6676,7357,89952000
22,6768,73054000
5206,571,70325000
1417,5597,90414000
9802,1171,61207000
5485,2810,81313000
3330,5055,89446000
5246,7942,78670000
4579,1489,89192000
9060,4088,62912000
8992,7237,85775000
5642,760,75398000
6637,2970,91498000
4208,3160,95381000
8797,5668,88015000
7831,3180,75879000
2786,3959,75716000
8345,8289,57370000
151,9142,72181000
8676,6087,79654000
2405,1906,90644000
1881,6043,84394000
4926,5212,69906000
6467,7652,66947000
4286,7205,76638000
6304,7662,81437000
6806,4349,82596000
9048,212,57165000
9052,9892,76454000
3183,5211,95683000
4710,1382,86261000
5597,5685,82389000
7025,7044,83423000
8021,5862,82651000
3628,2536,68888000
5118,8740,97837000
5223,9198,66042000
4226,9051,72286000
579,5679,67103000
3844,1904,91931000
5843,7459,94315000
3961,1180,78269000
8288,8318,86451000
8230,8713,73707000
471,543,63733000
6827,8398,73865000
4833,6775,73379000
4417,416,74300000
1417,5597,86282000
5970,2131,58154000
455,7802,62141000
9109,5339,77745000
6201,4263,95717000
5653,6905,75930000
964,6408,90900000
4629,1049,76232000
6445,5796,61214000
7108,1958,75526000
3522,5972,75239000
2063,3901,78628000
5080,3140,102039000
4809,4208,67213000
4417,416,78236000
5554,1213,94676000
5419,7720,89056000
3268,1691,72104000
9436,2055,91654000
5898,9751,83448000
4455,6106,79506000
5972,9633,59125000
2050,4696,83660000
2313,5609,67901000
3424,9544,68135000
708,2463,61515000
1431,9258,82609000
1953,1204,71174000
7082,6112,83751000
2452,3607,99448000
5778,9827,73966000
8202,8851,74120000
9,5525,78673000
9936,8215,82069000
3394,7371,105052000
9282,4116,74890000
854,4707,55317000
7141,5570,69899000
2768,8952,73989000
2733,6514,97047000
9484,1671,74710000
2715,7953,76873000
4756,5088,72895000
6629,3833,96654000
6645,9337,85235000
695,8520,86600000
137,1759,77724000
8607,2695,70787000
6413,1099,83763000
3998,9726,80187000
4915,7361,81795000
1067,6305,89605000
5426,7572,84803000
7581,5546,91945000
197,8483,62172000
8479,1080,80969000
4844,8639,79331000
8915,7473,82158000
4589,3353,75674000
793,694,76672000
7519,5562,76003000
7817,1636,89863000
6359,6523,82525000
3252,7547,86959000
2055,1191,88220000
5097,4362,82171000
8140,8742,77981000
2818,4760,69905000
2448,9981,73334000
309,5459,86202000
9776,3951,82317000
762,737,83783000
3306,9106,78047000
3226,1698,80335000
1115,3564,81982000
4686,3935,79291000
5503,8418,69160000
1578,7878,73401000
6273,8816,90967000
5858,7304,90991000
5400,1929,87009000
260,6986,77982000
9016,2806,51239000
1757,5852,59133000
5982,6100,78280000
9361,5360,80594000
6426,9172,56238000
948,9722,62349000
2548,1476,77622000
6349,8733,73415000
9193,1574,56896000
8066,6710,61315000
619,9271,69617000
1727,9363,68299000
4655,8341,95266000
3029,1239,79547000
769,6979,67490000
2233,8602,76676000
8298,3004,72672000
500,7486,79538000
4026,7688,72053000
1893,2458,73259000
8577,60,72797000
763,930,84208000
5438,3874,70618000
1982,1716,63490000
9948,3322,78065000
4175,6102,74361000
4618,5112,95866000
6163,1095,79359000
9279,1405,76520000
8977,5041,68916000
7642,9577,92709000
1238,4375,62791000
2012,2085,74281000
3985,5032,84975000
7607,6559,74786000
344,7951,72332000
1515,3533,82988000
2868,418,62349000
1761,1278,82558000
3090,4326,76238000
9202,8981,66149000
7604,4491,77481000
8904,2003,71818000
8605,8193,71080000
168,3083,74785000
1858,4770,77369000
4184,7121,70357000
5397,4136,81744000
9323,7792,66000000
3543,7741,62789000
3735,2644,85844000
9268,4071,74206000
9535,3530,66440000
752,3632,90278000
6010,979,81232000
5410,3999,73638000
4979,4861,70553000
4275,7086,74435000
5543,8284,94367000
9625,2209,77016000
8677,7278,68978000
8974,421,62508000
8929,3693,79417000
758,846,70913000
3742,2171,83529000
7791,6982,69281000
7896,3894,77965000
3040,8101,64673000
5348,6054,84299000
7728,6682,65632000
9594,7861,85130000
7307,3212,88881000
1195,6885,70799000
1070,5670,84655000
1104,6846,70158000
1816,8130,60713000
1995,2067,80395000
9552,4772,69483000
7227,1480,80392000
4207,521,76731000
7483,9836,69978000
40,6803,93247000
3019,7946,61570000
6528,4209,55884000
6177,8150,70801000
6472,6966,54002000
5153,1738,62512000
7465,4859,87903000
8549,4017,63692000
2308,1033,72495000
2426,2426,56183000
736,5904,71237000
3358,5958,72770000
3592,2566,59597000
8065,233,88652000
3924,4368,91712000
7851,5729,76820000
9904,8028,74644000
7621,8857,73304000
3540,2788,63138000
6438,5953,84713000
6621,9943,83416000
6248,5542,82300000
9264,122,71064000
6427,5578,80812000
9060,4088,61494000
2279,6086,71294000
3178,9031,77703000
6120,3682,68699000
6925,8662,57566000
5454,2015,98057000
8194,2735,73220000
6059,8508,64032000
8795,6391,87989000
8663,9076,66308000
1675,9236,60834000
9106,1754,73544000
4427,6852,80438000
5639,6151,71086000
3979,9572,60282000
1294,5579,105325000
5152,8083,73286000
2866,7272,86772000
9038,7387,66357000
2964,4777,80702000
7936,8800,68474000
5271,5191,77213000
4364,3200,87489000
6050,6729,68346000
3328,4032,64248000
7347,4025,71761000
4997,6144,69905000
3312,5762,71080000
9843,6712,64987000
4630,367,59929000
437,995,74444000
9643,1662,64146000
3545,2034,75650000
8605,8193,67903000
8478,1663,80299000
6272,2666,57120000
7491,7253,84147000
8600,7128,83257000
7308,3251,66937000
1471,7162,65774000
2643,7911,60599000
6759,9799,78314000
7774,5374,65769000
7895,6334,66735000
4835,9392,80482000
11,7016,56307000
9718,1288,65497000
3244,4244,80402000
5298,4309,60013000
5045,7470,75917000
5894,9128,67383000
570,8059,66124000
7971,3507,85112000
8749,5478,58977000
6609,6733,92856000
6969,5027,69684000
3838,4395,72534000
8683,130,72591000
3795,3096,68132000
3346,654,61154000
8964,7094,94805000
9065,6696,76552000
9496,8753,74234000
3232,192,62748000
4479,4671,84786000
9809,9692,80969000
94,3642,73673000
4679,281,75130000
9414,4857,67754000
9816,8679,68837000
8525,6273,84265000
7563,6358,78072000
96,9796,94764000
7453,9910,84533000
3412,112,63628000
8202,8851,65343000
5730,199,77146000
5268,3741,71703000
6165,5941,65835000
3440,2591,61012000
9420,4785,83369000
7451,7539,77978000
5970,2131,54938000
5624,2456,65697000
9396,1609,72049000
2560,7692,78075000
9897,6349,78615000
6073,5015,75834000
1111,4562,90202000
2358,9464,84327000
2751,3430,53139000
441,5720,69854000
924,2794,63387000
8414,6062,69495000
475,3806,92099000
119,6380,64588000
2594,8196,89550000
2129,8335,65438000
5448,6580,52246000
7124,2304,49094000
7509,9228,70969000
2001,3165,71318000
8813,2386,50323000
5995,1894,71497000
2252,6719,63769000
3487,7074,79954000
6532,4609,71851000
7364,4862,64680000
926,3295,83611000
7809,1383,65966000
4419,1091,84075000
2234,2663,69650000
1020,6241,97429000
9787,2933,74513000
8925,2523,75333000
2448,9981,67703000
4715,2202,62073000
8428,5109,76381000
4201,8785,56792000
5247,7950,85306000
7827,9063,64179000
9783,3453,84597000
4558,9505,112678000
1441,2677,62248000
470,6094,75256000
299,473,72163000
8663,9076,66019000
5647,9435,74944000
3357,2881,53099000
5926,7853,83799000
5917,5917,59773000
2140,4262,68536000
1843,194,71793000
5021,5636,80117000
1836,577,104110000
7468,6983,97786000
14,6053,77261000
4511,2741,67443000
4497,9250,75252000
4350,4542,60611000
9184,9411,60080000
2670,3376,65026000
2188,2643,55715000
1699,227,75480000
1354,9612,68179000
8627,7863,78936000
7645,167,76293000
4537,7976,79657000
5457,8294,70988000
212,4101,62623000
3760,8837,87404000
3026,1016,65894000
8697,4412,68169000
8147,969,65426000
740,6754,66600000
111,3628,64721000
356,5712,79726000
8918,3013,84362000
8737,4079,62805000
1374,9393,63580000
2583,7336,61488000
3790,5728,56740000
1735,2684,55110000
7777,597,77147000
6604,3189,86466000
331,9034,61212000
4567,2801,59519000
5371,5080,71810000
7425,3877,59749000
5091,8212,75259000
7755,381,61011000
2431,3486,80428000
3443,5019,75192000
6000,2192,70047000
8381,8453,82913000
6542,170,58338000
7259,3314,72779000
6721,2089,81935000
6097,1028,78914000
8193,8605,62368000
7718,8663,63904000
1887,7569,68076000
9671,2872,83161000
3573,8843,63825000
8632,4946,76117000
5271,5191,83640000
4686,3935,77323000
2104,4504,68642000
2938,4514,61460000
9428,5381,82080000
3985,5032,75290000
3563